Entity,Code,Year,Deaths,New_Infections,HIV_Incidents(tens)
Afghanistan,AFG,2013,202.61933069999998,495.3634641,278.84196180000004
Afghanistan,AFG,2014,219.5677917,584.7015544,320.0787974
Afghanistan,AFG,2015,242.36301129999998,679.0091962,363.01614839999996
Afghanistan,AFG,2016,269.4783065,790.0594007999999,413.32352960000003
Afghanistan,AFG,2017,302.1668803,922.1734579,473.00343300000003
Albania,ALB,2013,1.527947436,2.563986327,2.802240282
Albania,ALB,2014,1.4717337830000001,2.651281123,2.8732299919999997
Albania,ALB,2015,1.482188812,2.754061985,2.9625761369999997
Albania,ALB,2016,1.3837278730000002,2.889803043,3.077838593
Albania,ALB,2017,1.285799649,3.0301915619999997,3.187413135
Algeria,DZA,2013,396.2904847,1100.041962,847.6393485
Algeria,DZA,2014,406.489733,1077.1233300000001,913.2061518999999
Algeria,DZA,2015,371.6621021,1036.565694,981.6422271
Algeria,DZA,2016,349.7727037,977.8578026,1052.7521550000001
Algeria,DZA,2017,326.6607421,900.8057507999999,1125.392464
American Samoa,ASM,2013,0.314603846,0.513492415,0.41854401399999996
American Samoa,ASM,2014,0.321834071,0.543127244,0.43298088100000004
American Samoa,ASM,2015,0.328234884,0.577985405,0.449813196
American Samoa,ASM,2016,0.335920065,0.6166163170000001,0.468559455
American Samoa,ASM,2017,0.335762774,0.657730354,0.488720472
Andean Latin America,,2013,4198.734384,12142.92669,10386.15937
Andean Latin America,,2014,4569.908297999999,12393.538120000001,11212.24185
Andean Latin America,,2015,4669.832375,12515.22097,12069.80417
Andean Latin America,,2016,4729.8942369999995,12498.43459,12950.46478
Andean Latin America,,2017,4655.939469,12380.9713,13886.8285
Andorra,AND,2013,0.753119575,3.976520435,7.617265947999999
Andorra,AND,2014,0.7034805690000001,4.057877145,7.859512025
Andorra,AND,2015,0.643209895,4.187003133999999,8.111257921
Andorra,AND,2016,0.518086238,4.320368918,8.32413824
Andorra,AND,2017,0.44199016799999996,4.59493765,8.709420689
Angola,AGO,2013,14900.71302,26763.14369,25539.59271
Angola,AGO,2014,14660.760869999998,25439.53355,26630.59035
Angola,AGO,2015,14423.90335,23674.708459999998,27619.63706
Angola,AGO,2016,14372.208819999998,21518.447509999998,28483.91525
Angola,AGO,2017,14584.702430000001,19017.69441,29200.727189999998
Antigua and Barbuda,ATG,2013,6.873550012999999,9.038794627,8.518943503
Antigua and Barbuda,ATG,2014,8.83224877,9.137217625,8.552750172
Antigua and Barbuda,ATG,2015,8.837281196000001,9.161176454,8.641474167
Antigua and Barbuda,ATG,2016,7.74331363,9.100678939,8.792317274
Antigua and Barbuda,ATG,2017,7.509006684,8.942008019,9.011232971
Argentina,ARG,2013,1666.452986,11371.160609999999,18276.30238
Argentina,ARG,2014,1681.8512050000002,11625.622379999999,18902.06856
Argentina,ARG,2015,1729.394184,11847.57085,19525.00667
Argentina,ARG,2016,1731.0411149999998,12020.8266,20147.71773
Argentina,ARG,2017,1719.217843,12182.531790000001,20749.775569999998
Armenia,ARM,2013,17.35561158,135.80417780000002,94.57069635
Armenia,ARM,2014,30.05564724,143.66754980000002,112.97695259999999
Armenia,ARM,2015,33.49402121,151.5369227,133.8406928
Armenia,ARM,2016,30.24180362,158.86506809999997,156.6356241
Armenia,ARM,2017,23.72882174,164.9518495,180.5809804
Australasia,,2013,84.71903382,1345.86436,1842.321689
Australasia,,2014,89.5458501,1399.720104,1902.4672899999998
Australasia,,2015,77.99152714,1457.9271210000002,1962.450408
Australasia,,2016,86.38011803,1518.425723,2021.396182
Australasia,,2017,86.55935941,1580.175213,2077.1338600000004
Australia,AUS,2013,72.31168282,1153.7482710000002,1469.04471
Australia,AUS,2014,71.78074366,1208.296974,1513.418361
Australia,AUS,2015,70.52827651,1267.78822,1557.231821
Australia,AUS,2016,76.29832785,1330.083133,1599.815857
Australia,AUS,2017,76.57992115,1394.516018,1639.5013900000001
Austria,AUT,2013,50.78824829,665.5368467000001,1355.333856
Austria,AUT,2014,42.83745187,673.4451508999999,1420.094392
Austria,AUT,2015,44.49490571,681.2812744,1487.549264
Austria,AUT,2016,35.59807028,687.2709739000001,1556.938024
Austria,AUT,2017,37.9689139,687.623507,1623.354996
Azerbaijan,AZE,2013,26.84431238,239.68000959999998,178.0001929
Azerbaijan,AZE,2014,24.65333557,265.4994365,206.1115561
Azerbaijan,AZE,2015,26.72832827,292.88768849999997,238.5873497
Azerbaijan,AZE,2016,29.05183477,321.434757,275.0570876
Azerbaijan,AZE,2017,31.5164108,351.2907259,315.6284022
Bahamas,BHS,2013,113.48907309999998,271.7794648,372.1654416
Bahamas,BHS,2014,116.9340608,290.7821236,391.20765550000004
Bahamas,BHS,2015,116.4373426,312.8235535,411.6135483
Bahamas,BHS,2016,115.2970743,337.5591496,433.4269246
Bahamas,BHS,2017,114.23158459999999,364.71009039999996,456.7268204
Bahrain,BHR,2013,13.29003911,21.15971765,24.36109677
Bahrain,BHR,2014,12.72119638,21.310628,25.15160265
Bahrain,BHR,2015,12.16742332,21.2439258,25.97324816
Bahrain,BHR,2016,11.94763491,20.73638578,26.637549199999995
Bahrain,BHR,2017,11.52718933,20.16426952,27.37922431
Bangladesh,BGD,2013,537.2533017000001,1147.835811,846.948972
Bangladesh,BGD,2014,566.6791803,1122.4704359999998,886.2986874
Bangladesh,BGD,2015,591.504455,1082.924675,922.5513112
Bangladesh,BGD,2016,609.4878171,1027.716713,954.1198933000001
Bangladesh,BGD,2017,627.0408593,955.7182944,979.4316736999999
Barbados,BRB,2013,25.22222963,65.08990936,141.1679112
Barbados,BRB,2014,26.17672357,65.67091283,146.1770642
Barbados,BRB,2015,25.8528956,66.51008931,150.9100332
Barbados,BRB,2016,25.39778095,67.68818764,155.30445569999998
Barbados,BRB,2017,24.97983191,69.30883968,159.263115
Belarus,BLR,2013,329.0321667,1445.010449,1095.904536
Belarus,BLR,2014,337.6244235,1676.422506,1242.9371039999999
Belarus,BLR,2015,324.43225110000003,1941.797518,1406.407183
Belarus,BLR,2016,315.1146173,2233.987951,1583.515873
Belarus,BLR,2017,303.909019,2542.715847,1769.9330079999997
Belgium,BEL,2013,79.4139037,1014.447961,1962.4401300000002
Belgium,BEL,2014,59.12438576,1034.131312,2030.639293
Belgium,BEL,2015,63.63633636,1061.310579,2100.587933
Belgium,BEL,2016,63.24239253,1096.44035,2172.416593
Belgium,BEL,2017,61.88555773,1137.100052,2244.099998
Belize,BLZ,2013,73.57052752,181.9157256,220.8633829
Belize,BLZ,2014,85.71141356,196.24375580000003,234.50864380000002
Belize,BLZ,2015,90.69382536,212.5493905,248.8459401
Belize,BLZ,2016,81.53288441,230.8189642,263.9752329
Belize,BLZ,2017,81.15377153,251.0027974,279.965794
Benin,BEN,2013,2281.100941,4720.810171,6073.525361
Benin,BEN,2014,2317.414652,4515.3079179999995,6244.228083
Benin,BEN,2015,2200.829875,4231.27459,6441.4821090000005
Benin,BEN,2016,1976.718746,3864.9584219999997,6671.4755829999995
Benin,BEN,2017,1809.785445,3415.563321,6942.9316420000005
Bermuda,BMU,2013,6.61646413,6.565204717,7.190483056000001
Bermuda,BMU,2014,8.208620769,6.458198826,7.029226277
Bermuda,BMU,2015,8.47878192,6.292820365,6.897406602
Bermuda,BMU,2016,7.142643414,6.057298242000001,6.796680251000001
Bermuda,BMU,2017,6.8473553439999995,5.746544721,6.732708145
Bhutan,BTN,2013,60.78859093,121.76312949999999,87.99856637
Bhutan,BTN,2014,66.11411298,126.49170670000001,95.02715971
Bhutan,BTN,2015,71.4489208,130.58324199999998,102.2097158
Bhutan,BTN,2016,76.40727296,133.50755159999997,109.12710020000002
Bhutan,BTN,2017,81.33974884,135.2179333,115.5992188
Bolivia,BOL,2013,1152.480752,2479.682337,1662.218481
Bolivia,BOL,2014,1184.473858,2524.1596059999997,1786.3661969999998
Bolivia,BOL,2015,1191.953984,2544.0842039999998,1921.2803609999999
Bolivia,BOL,2016,1187.4160140000001,2533.690881,2065.700684
Bolivia,BOL,2017,1167.193614,2493.7903079999996,2217.723269
Bosnia and Herzegovina,BIH,2013,1.870621203,3.42514422,3.382150078
Bosnia and Herzegovina,BIH,2014,1.809504265,3.440579563,3.486234802
Bosnia and Herzegovina,BIH,2015,1.801699479,3.44090231,3.617915505
Bosnia and Herzegovina,BIH,2016,1.66583896,3.428262676,3.769701889
Bosnia and Herzegovina,BIH,2017,1.535890405,3.402339205,3.9284343330000002
Botswana,BWA,2013,6777.451548,14397.115130000002,32297.71174
Botswana,BWA,2014,5970.312495,13578.45336,33181.87335
Botswana,BWA,2015,5331.293922999999,12425.893999999998,34137.79195
Botswana,BWA,2016,4673.798358,10931.8861,35169.2371
Botswana,BWA,2017,4101.619016,9096.449594,36297.59719
Brazil,BRA,2013,15488.00145,71007.51097999999,73231.18003999999
Brazil,BRA,2014,15432.96971,74041.61257,77781.14387999999
Brazil,BRA,2015,15408.25704,77165.68506,82618.35733
Brazil,BRA,2016,15242.89845,80289.27561,87684.88992999999
Brazil,BRA,2017,15405.91557,83332.82285,92916.45653
Brunei,BRN,2013,5.059029867,28.66170405,32.99384761
Brunei,BRN,2014,5.21747931,30.30043184,35.44609703
Brunei,BRN,2015,5.51738655,32.02372775,37.97840163
Brunei,BRN,2016,5.083097866,33.84039536,40.60969275
Brunei,BRN,2017,4.664544621,35.69716209,43.32515065
Bulgaria,BGR,2013,59.07182843,102.15742209999999,147.4192727
Bulgaria,BGR,2014,55.63185176,107.2140108,151.95789419999997
Bulgaria,BGR,2015,57.79418093,113.4232629,156.8673107
Bulgaria,BGR,2016,56.44205466,120.5663854,162.09465880000002
Bulgaria,BGR,2017,54.61601828,128.2920669,167.5910783
Burkina Faso,BFA,2013,4074.960985,2662.511333,10052.140220000001
Burkina Faso,BFA,2014,3565.116245,2685.622374,9856.642055
Burkina Faso,BFA,2015,3145.1031789999997,2759.682498,9717.982393
Burkina Faso,BFA,2016,2708.571692,2903.509009,9660.015952
Burkina Faso,BFA,2017,2636.82903,3137.58091,9709.396566
Burundi,BDI,2013,5521.899013,1820.704091,10440.76413
Burundi,BDI,2014,4751.032126,1985.2406489999998,10040.87485
Burundi,BDI,2015,3881.7512409999995,2212.640738,9665.292585
Burundi,BDI,2016,3125.816169,2563.4426350000003,9471.868053
Burundi,BDI,2017,2620.017231,3036.1013350000003,9449.860242
Cambodia,KHM,2013,2014.965555,1999.139675,7570.672981999999
Cambodia,KHM,2014,1772.702556,1806.853895,7475.707284
Cambodia,KHM,2015,1644.486388,1581.3632910000001,7391.779258
Cambodia,KHM,2016,1516.8849460000001,1326.0595779999999,7324.869515
Cambodia,KHM,2017,1378.3086289999999,1046.171047,7279.171861
Cameroon,CMR,2013,29339.58438,33005.47165,57959.84232999999
Cameroon,CMR,2014,28510.95107,31663.68937,58382.342529999994
Cameroon,CMR,2015,27180.0004,30509.334839999996,58727.29433
Cameroon,CMR,2016,25219.78917,29630.53512,59035.33338
Cameroon,CMR,2017,22802.71959,29138.20772,59349.70511
Canada,CAN,2013,237.33367769999998,2467.128843,7508.080516
Canada,CAN,2014,279.6840331,2674.045211,7773.053573
Canada,CAN,2015,280.4318477,2920.291861,8041.123133
Canada,CAN,2016,277.9183945,3205.831972,8307.207912
Canada,CAN,2017,273.75298300000003,3531.8157490000003,8562.716936
Cape Verde,CPV,2013,146.4203318,287.207354,401.2173495
Cape Verde,CPV,2014,139.4522699,294.7252534,413.479579
Cape Verde,CPV,2015,136.1944451,303.4004568,426.88854510000004
Cape Verde,CPV,2016,133.78255900000002,313.2001773,441.45785650000005
Cape Verde,CPV,2017,124.77879250000001,324.3808876,457.45613169999996
Caribbean,,2013,11344.61782,21067.97935,29499.52428
Caribbean,,2014,10579.23112,20645.75545,30327.00658
Caribbean,,2015,10097.43811,20131.30202,31231.73807
Caribbean,,2016,9384.319298,19522.82417,32224.764030000002
Caribbean,,2017,8558.573973,18822.684240000002,33327.69993
Central African Republic,CAF,2013,8792.547381999999,4809.252781,11846.85385
Central African Republic,CAF,2014,7901.6997870000005,4606.299355,11102.9394
Central African Republic,CAF,2015,7010.702037999999,4598.861519,10587.94211
Central African Republic,CAF,2016,6076.7896009999995,4736.620689,10228.2018
Central African Republic,CAF,2017,5319.447328,4989.6974740000005,9975.815627
Central Asia,,2013,1247.0696599999999,4509.790483,3546.757106
Central Asia,,2014,1384.131962,5072.16645,3958.053129
Central Asia,,2015,1369.726249,5730.8161979999995,4432.8190030000005
Central Asia,,2016,1309.194174,6475.493659000001,4959.145193
Central Asia,,2017,1299.621203,7304.987537000001,5526.970881
Central Europe,,2013,512.9736013,2323.4830460000003,3224.6868280000003
Central Europe,,2014,563.5426671,2275.516596,3381.5172119999997
Central Europe,,2015,549.3097657000001,2226.22599,3541.3446659999995
Central Europe,,2016,567.6265479,2176.06819,3697.056616
Central Europe,,2017,520.8774553999999,2126.611884,3854.3119030000003
"Central Europe, Eastern Europe, and Central Asia",,2013,23624.17257,113099.4509,76441.30642000001
"Central Europe, Eastern Europe, and Central Asia",,2014,26302.34141,128325.0008,88220.97826
"Central Europe, Eastern Europe, and Central Asia",,2015,27665.259439999998,144828.1865,101449.0225
"Central Europe, Eastern Europe, and Central Asia",,2016,30759.265989999996,162297.3705,115871.7572
"Central Europe, Eastern Europe, and Central Asia",,2017,26906.0468,180302.0692,131140.5943
Central Latin America,,2013,13147.5923,37960.336339999994,43367.19497
Central Latin America,,2014,13202.070090000001,39801.78389,46370.10011
Central Latin America,,2015,13443.24052,41763.24628,49580.7857
Central Latin America,,2016,13241.71764,43775.43327,52964.10677
Central Latin America,,2017,13100.35035,45802.52882,56477.47187
Central Sub-Saharan Africa,,2013,64859.40946,58692.742170000005,99698.0981
Central Sub-Saharan Africa,,2014,59383.08527999999,56381.733960000005,98499.14091
Central Sub-Saharan Africa,,2015,53946.090220000006,53988.734220000006,97397.25953
Central Sub-Saharan Africa,,2016,48456.55212,51585.24905,96313.15442
Central Sub-Saharan Africa,,2017,44285.85701,49286.07338,95216.23827999999
Chad,TCD,2013,6311.707082,8358.823505,12715.354
Chad,TCD,2014,5810.210481,8346.102127,12820.273509999999
Chad,TCD,2015,5014.38819,8368.763675,12961.06328
Chad,TCD,2016,4812.3050969999995,8434.834063,13149.270040000001
Chad,TCD,2017,4925.931019,8557.180799,13401.03874
Chile,CHL,2013,543.3383331,3387.5219939999997,4898.044425
Chile,CHL,2014,533.4295142,3560.0750810000004,5160.371781
Chile,CHL,2015,550.4811018999999,3742.80227,5431.846092
Chile,CHL,2016,515.7042188,3931.3815229999996,5711.24265
Chile,CHL,2017,504.5455387,4123.847567,5999.084082
China,CHN,2013,19636.59436,48439.73681,63112.75766
China,CHN,2014,23888.93872,45173.892869999996,63863.907660000004
China,CHN,2015,28950.32059,41408.00279,64227.83662
China,CHN,2016,32878.94563,37504.85034,64094.41254
China,CHN,2017,34799.67076,33329.07342,63392.31348
Colombia,COL,2013,2730.827689,7139.391049,8017.2569969999995
Colombia,COL,2014,2717.559859,7675.538809000001,8721.159534999999
Colombia,COL,2015,2688.2563149999996,8254.928908,9499.493977
Colombia,COL,2016,2659.488433,8872.504989000001,10344.86608
Colombia,COL,2017,2636.558772,9518.549844,11247.2972
Comoros,COM,2013,1.1556903,4.547374635,4.436040076
Comoros,COM,2014,1.203223888,6.19919205,4.918517437
Comoros,COM,2015,1.275266568,8.251624443999999,5.484517403
Comoros,COM,2016,1.4068204640000002,10.67749046,6.13012056
Comoros,COM,2017,1.62826982,13.44751458,6.847879782000001
Congo,COG,2013,5389.0106399999995,7248.46671,9159.083517000001
Congo,COG,2014,5452.740186,7180.159938,9317.821268000002
Congo,COG,2015,5335.872769,7109.1064799999995,9478.691916
Congo,COG,2016,5282.692131,7037.6888739999995,9646.337726
Congo,COG,2017,5571.1699770000005,6966.390779,9825.602325
Costa Rica,CRI,2013,171.5675741,413.9613001,742.3050483
Costa Rica,CRI,2014,188.6632079,410.1235787,767.9209931
Costa Rica,CRI,2015,162.41397849999998,404.21995739999994,792.0068861000001
Costa Rica,CRI,2016,157.0081393,396.1938915,813.8168228999999
Costa Rica,CRI,2017,153.2197421,386.11607910000004,832.9700968999999
Cote d'Ivoire,CIV,2013,25123.68808,31052.5209,51282.78899
Cote d'Ivoire,CIV,2014,23860.245280000003,33232.05185,51413.49549
Cote d'Ivoire,CIV,2015,22314.47826,36256.380919999996,51719.76659
Cote d'Ivoire,CIV,2016,20474.40345,40214.52334,52243.338110000004
Cote d'Ivoire,CIV,2017,18818.91957,45203.82136,53020.32205
Croatia,HRV,2013,8.811974175,47.30017715,52.71529511
Croatia,HRV,2014,9.412040754,47.26429463,56.05814559
Croatia,HRV,2015,12.68769139,46.92627578,59.60014258
Croatia,HRV,2016,9.496767263999999,46.2383407,63.3131941
Croatia,HRV,2017,9.001516908,44.94560503,67.00909159
Cuba,CUB,2013,368.98305869999996,2552.9276210000003,1857.125593
Cuba,CUB,2014,396.5470121,2637.920784,2093.4717
Cuba,CUB,2015,465.7534828,2710.908771,2347.186596
Cuba,CUB,2016,381.5850858,2771.174046,2615.7473410000002
Cuba,CUB,2017,361.2905119,2814.481429,2897.6232649999997
Cyprus,CYP,2013,2.785366994,94.81214229,33.75892636
Cyprus,CYP,2014,2.7854456180000002,99.72210178,37.00201189
Cyprus,CYP,2015,2.7356766269999997,104.3422448,40.51421918
Cyprus,CYP,2016,2.2451048819999997,108.2552197,44.16704525
Cyprus,CYP,2017,1.857215993,111.1950078,47.8724461
Czech Republic,CZE,2013,21.03791256,112.19320090000001,121.3538601
Czech Republic,CZE,2014,30.58592853,111.712741,130.4654039
Czech Republic,CZE,2015,20.66242955,110.49430109999999,139.9096377
Czech Republic,CZE,2016,27.84883917,108.40769209999999,149.5264765
Czech Republic,CZE,2017,23.73963946,105.4191419,159.2418456
Democratic Republic of Congo,COD,2013,32344.7199,14390.98366,45486.539789999995
Democratic Republic of Congo,COD,2014,28250.620339999998,14088.34224,43619.1999
Democratic Republic of Congo,COD,2015,24258.29678,14078.374819999999,41722.61911
Democratic Republic of Congo,COD,2016,20061.40811,14428.64446,39814.56042
Democratic Republic of Congo,COD,2017,16414.231040000002,15227.75805,37929.99222
Denmark,DNK,2013,35.6425132,398.6695793,599.1974665
Denmark,DNK,2014,23.14323243,402.6471563,617.3050122999999
Denmark,DNK,2015,29.36751674,406.1420267,636.1247407999999
Denmark,DNK,2016,27.57274394,408.2986748,655.234732
Denmark,DNK,2017,26.92572326,408.4930218,674.2099013
Djibouti,DJI,2013,902.6521318,651.387545,1224.271488
Djibouti,DJI,2014,872.0536765,669.0645217,1215.733344
Djibouti,DJI,2015,817.0675279,701.1404294,1205.4397529999999
Djibouti,DJI,2016,768.822024,750.9858144,1193.515502
Djibouti,DJI,2017,723.5823113,819.631714,1177.541495
Dominica,DMA,2013,4.789302803,7.268914939,6.594323318
Dominica,DMA,2014,6.090249414,7.220997426,6.636089687999999
Dominica,DMA,2015,6.413486547000001,7.103583233999999,6.707559611000001
Dominica,DMA,2016,5.243958312,6.907010623,6.811268543
Dominica,DMA,2017,5.027163226,6.630162908,6.950996399
Dominican Republic,DOM,2013,2961.8971079999997,4290.980921,6815.733323
Dominican Republic,DOM,2014,2844.2385010000003,4217.187285,6895.572462
Dominican Republic,DOM,2015,2696.996898,4136.88108,6980.338548000001
Dominican Republic,DOM,2016,2621.591689,4051.130601,7077.001501000001
Dominican Republic,DOM,2017,2561.684757,3964.640957,7195.594301
East Asia,,2013,20651.55629,50739.19202,66246.98767999999
East Asia,,2014,25079.89822,47390.84278,67065.72286000001
East Asia,,2015,30349.625780000002,43539.39921,67487.66573
East Asia,,2016,34491.21611,39553.50398,67398.12306
East Asia,,2017,36482.31036,35297.46767,66722.88144
Eastern Europe,,2013,21864.12931,106266.1774,69669.86249
Eastern Europe,,2014,24354.66678,120977.3178,80881.40792
Eastern Europe,,2015,25746.223430000002,136871.1443,93474.85887000001
Eastern Europe,,2016,28882.44527,153645.8087,107215.5554
Eastern Europe,,2017,25085.54814,170870.4697,121759.3115
Eastern Sub-Saharan Africa,,2013,377376.0932,557363.5027,931545.5867
Eastern Sub-Saharan Africa,,2014,328443.1824,531664.0226,943765.7452
Eastern Sub-Saharan Africa,,2015,291272.6849,501753.8337,958735.6949
Eastern Sub-Saharan Africa,,2016,263306.2339,468785.9384,977382.4464
Eastern Sub-Saharan Africa,,2017,242394.2779,434099.4674,1000512.714
Ecuador,ECU,2013,1020.22069,2720.594111,2933.641967
Ecuador,ECU,2014,1094.907861,2810.413708,3151.5272059999998
Ecuador,ECU,2015,1045.138558,2905.17984,3378.879675
Ecuador,ECU,2016,1092.273728,3001.176973,3611.852831
Ecuador,ECU,2017,1093.059483,3102.625064,3851.362942
Egypt,EGY,2013,111.0590695,398.06194710000005,283.47974619999997
Egypt,EGY,2014,100.8517382,432.91985989999995,318.2340631
Egypt,EGY,2015,88.65196387,470.41929630000004,357.3970626
Egypt,EGY,2016,77.78410691,511.42661389999995,400.5346777
Egypt,EGY,2017,64.8141545,556.9859447000001,447.32063719999996
El Salvador,SLV,2013,680.9644627,1799.0321600000002,1927.2417050000001
El Salvador,SLV,2014,716.9520012,1704.3447989999997,1985.860844
El Salvador,SLV,2015,757.1146312000001,1582.13569,2042.821518
El Salvador,SLV,2016,762.1570230000001,1430.213606,2098.191786
El Salvador,SLV,2017,727.9515997000001,1247.1682560000002,2150.437085
England,,2013,234.09125330000003,5013.882640999999,6479.527883
England,,2014,184.6134127,5145.819957,6756.617359000001
England,,2015,234.868744,5312.59267,7041.278633
England,,2016,231.1215403,5520.253643,7330.605709
England,,2017,216.8741227,5745.791587,7607.774826000001
Equatorial Guinea,GNQ,2013,1817.001162,3991.701076,3710.685589
Equatorial Guinea,GNQ,2014,1764.509509,3746.527166,3912.672568
Equatorial Guinea,GNQ,2015,1793.245023,3390.9657270000002,4102.616889
Equatorial Guinea,GNQ,2016,1805.5279039999998,2926.445204,4274.233593999999
Equatorial Guinea,GNQ,2017,1752.5894309999999,2359.657921,4422.712571999999
Eritrea,ERI,2013,2054.531301,1480.988256,3007.487011
Eritrea,ERI,2014,1842.2586489999999,1529.634906,2900.154441
Eritrea,ERI,2015,1691.089104,1591.688396,2812.595684
Eritrea,ERI,2016,1601.486528,1669.291536,2759.373306
Eritrea,ERI,2017,1520.5240880000001,1766.8759079999998,2754.3414989999997
Estonia,EST,2013,49.59654397,253.2318025,283.458722
Estonia,EST,2014,45.47177643,242.9625156,302.1501697
Estonia,EST,2015,42.81088729,232.0304881,321.9725693
Estonia,EST,2016,39.24623929,220.30527379999998,342.31913849999995
Estonia,EST,2017,37.18337477,206.67220669999998,362.57519269999995
Ethiopia,ETH,2013,30535.9091,15960.87161,70047.90007999999
Ethiopia,ETH,2014,26075.83697,15664.74055,68180.74201
Ethiopia,ETH,2015,22778.71845,15326.093330000002,66738.66221000001
Ethiopia,ETH,2016,19982.91603,14934.14285,65876.7197
Ethiopia,ETH,2017,17180.8649,14483.95439,65739.44983
Fiji,FJI,2013,10.37399408,36.38941649,34.07549343
Fiji,FJI,2014,9.770696859,38.67148036,36.49154679
Fiji,FJI,2015,10.14420019,41.21037872,39.11205738
Fiji,FJI,2016,11.27467791,43.94340171,41.91149332
Fiji,FJI,2017,10.3939541,46.85051827,44.88252428
Finland,FIN,2013,6.267723636,168.4628262,251.06170669999997
Finland,FIN,2014,6.175926656000001,167.0860304,259.8984838
Finland,FIN,2015,6.302388023,165.4276924,268.5006064
Finland,FIN,2016,6.565229945,163.4816749,276.19555160000004
Finland,FIN,2017,6.482667212999999,161.3919494,283.8515587
France,FRA,2013,540.6587465,4077.4306100000003,10253.69335
France,FRA,2014,433.1169294,4252.800705,10374.49957
France,FRA,2015,499.6991484,4495.1111200000005,10500.06922
France,FRA,2016,499.1561871,4805.989536,10630.11654
France,FRA,2017,491.20977220000003,5187.840754999999,10761.294909999999
Gabon,GAB,2013,1615.417348,1489.194252,3955.342638
Gabon,GAB,2014,1352.7545910000001,1320.871709,3915.917424
Gabon,GAB,2015,1124.070257,1136.717209,3885.752445
Gabon,GAB,2016,857.9255563999999,937.4023152999999,3865.9056229999997
Gabon,GAB,2017,643.7168048999999,724.8747542,3861.3883450000003
Gambia,GMB,2013,1015.490488,1488.193184,2074.2480800000003
Gambia,GMB,2014,1025.073993,1407.0938310000001,2098.200518
Gambia,GMB,2015,1002.3768050000001,1331.340089,2110.428634
Gambia,GMB,2016,956.6718728,1264.3177230000001,2110.920018
Gambia,GMB,2017,882.6932724,1210.691323,2099.766056
Georgia,GEO,2013,37.04067872,536.2101484,320.0034478
Georgia,GEO,2014,61.97383633,517.1692132000001,368.4240431
Georgia,GEO,2015,55.47499857,487.9731387,421.35844299999997
Georgia,GEO,2016,38.64662645,446.4162602,476.8592592
Georgia,GEO,2017,34.39016736,391.14705160000005,532.7550285
Germany,DEU,2013,523.8122542,6255.511313,10024.17066
Germany,DEU,2014,502.85003880000005,6338.271083,10519.532790000001
Germany,DEU,2015,516.6354216,6408.5724789999995,11064.96313
Germany,DEU,2016,482.75254680000006,6496.767277,11697.773490000001
Germany,DEU,2017,464.54515539999994,6432.819723,12257.16559
Ghana,GHA,2013,16934.1306,17164.16302,30915.15263
Ghana,GHA,2014,16266.048530000002,17855.82974,31093.63201
Ghana,GHA,2015,15507.630819999998,18970.68494,31319.695819999997
Ghana,GHA,2016,14711.20905,20661.20799,31603.31397
Ghana,GHA,2017,13877.6961,23103.79044,31954.31468
Greece,GRC,2013,45.34482706,627.0546449,373.09244910000007
Greece,GRC,2014,53.66689133,598.7851092,386.95977880000004
Greece,GRC,2015,50.84692205,569.8412438999999,401.2487515
Greece,GRC,2016,32.96036803,539.7778003,415.3360494
Greece,GRC,2017,29.57450181,514.0533849,431.11843260000006
Greenland,GRL,2013,2.366134015,8.580674072,17.07696868
Greenland,GRL,2014,2.227027073,9.023931333,17.42047277
Greenland,GRL,2015,2.142836169,9.552800592999999,17.75556465
Greenland,GRL,2016,1.8806573580000001,10.16941457,18.15168049
Greenland,GRL,2017,1.651464742,10.88895163,18.55635671
Grenada,GRD,2013,6.15479455,7.773255076,7.469096799999999
Grenada,GRD,2014,7.6873151239999995,7.577511117999999,7.369731582999999
Grenada,GRD,2015,7.964482445,7.303957219,7.29698754
Grenada,GRD,2016,6.383592365,6.94244579,7.25359958
Grenada,GRD,2017,6.14760484,6.4855544389999995,7.243920961000001
Guam,GUM,2013,3.969827197,6.168551302999999,5.052540742
Guam,GUM,2014,4.053958201,6.484975672999999,5.253762585
Guam,GUM,2015,4.143664602,6.824671395,5.482683209
Guam,GUM,2016,4.238944581,7.173607587999999,5.730677269
Guam,GUM,2017,4.2904930189999995,7.526771586000001,5.994600588
Guatemala,GTM,2013,623.4498611,1515.282023,2817.951382
Guatemala,GTM,2014,680.1464735000001,1646.4544039999998,2919.67546
Guatemala,GTM,2015,606.9130101,1817.0481079999997,3016.464234
Guatemala,GTM,2016,682.9308265,2035.4948350000002,3105.7894699999997
Guatemala,GTM,2017,700.4099139,2309.361324,3185.291772
Guinea,GIN,2013,4044.1823700000004,6813.652443000001,10049.94852
Guinea,GIN,2014,3803.596983,6490.489640999999,10186.49642
Guinea,GIN,2015,3672.133177,6181.530718,10279.22156
Guinea,GIN,2016,3312.973912,5907.880543,10334.958859999999
Guinea,GIN,2017,2988.840766,5699.478413,10354.842859999999
Guinea-Bissau,GNB,2013,1912.288412,2830.135766,3787.0935189999996
Guinea-Bissau,GNB,2014,1813.655986,2698.1063280000003,3824.7866670000003
Guinea-Bissau,GNB,2015,1715.921077,2566.118247,3833.884246
Guinea-Bissau,GNB,2016,1592.287453,2441.044368,3815.1327979999996
Guinea-Bissau,GNB,2017,1440.2772519999999,2331.9897530000003,3770.740243
Guyana,GUY,2013,211.880121,752.172633,849.6224998
Guyana,GUY,2014,211.8938367,721.7715871,863.7418382000001
Guyana,GUY,2015,206.5047035,686.3417628,876.6806581000001
Guyana,GUY,2016,200.626925,645.610003,888.1606855
Guyana,GUY,2017,195.85406980000002,599.8123364,897.7335051000001
Haiti,HTI,2013,6067.694288000001,10026.3226,15095.51534
Haiti,HTI,2014,5381.511407,9595.765048000001,15425.785030000001
Haiti,HTI,2015,5051.389146,9098.714794,15802.263969999998
Haiti,HTI,2016,4542.430311,8535.739608,16231.88709
Haiti,HTI,2017,3850.051488,7910.366134999999,16727.56074
High SDI,,2013,12368.344140000001,84295.40402999999,235371.8068
High SDI,,2014,11789.944520000001,87303.64217,240721.2117
High SDI,,2015,11625.89013,90907.05035,246383.365
High SDI,,2016,12079.55529,95176.52952000001,252318.5992
High SDI,,2017,11872.34339,99822.08271,258015.4432
High-income,,2013,14537.563409999999,103887.5592,273072.9243
High-income,,2014,13848.56543,107731.2373,279804.4739
High-income,,2015,13785.208980000001,112266.366,286854.394
High-income,,2016,14148.48725,117514.2335,294178.6063
High-income,,2017,13948.39966,123215.13900000001,301256.6063
High-income Asia Pacific,,2013,437.42015219999996,3021.601284,5213.106212
High-income Asia Pacific,,2014,424.3337301,2994.6135670000003,5404.274977
High-income Asia Pacific,,2015,398.0544244,2990.204655,5593.286819
High-income Asia Pacific,,2016,397.6143714,2993.933898,5765.017734
High-income Asia Pacific,,2017,391.6924529,2974.484141,5900.636304
High-middle SDI,,2013,40978.72649,170888.3481,162912.0924
High-middle SDI,,2014,43956.44002,188195.5516,178049.7166
High-middle SDI,,2015,45983.02141,206986.0598,194680.5581
High-middle SDI,,2016,49452.34771,226898.0162,212521.5197
High-middle SDI,,2017,45710.919160000005,247448.475,231156.7255
Honduras,HND,2013,67.28006252,510.05705250000005,669.2509452
Honduras,HND,2014,59.65317178,507.39954000000006,707.181417
Honduras,HND,2015,59.69127749,502.2116877,746.198101
Honduras,HND,2016,61.24234588,492.36007620000004,784.9638204
Honduras,HND,2017,62.87266483,478.9351397,823.3363887
Hungary,HUN,2013,34.52809799,98.37115156,147.3121236
Hungary,HUN,2014,48.1944091,103.81360140000001,150.27578559999998
Hungary,HUN,2015,34.66278521,110.6399264,153.6638731
Hungary,HUN,2016,35.21351396,118.8217152,157.6933857
Hungary,HUN,2017,39.80637314,128.2229533,162.33053999999998
Iceland,ISL,2013,1.1193354690000001,12.01081924,22.26271307
Iceland,ISL,2014,1.059292918,13.19727753,23.87389351
Iceland,ISL,2015,1.157419229,14.87009655,25.70490917
Iceland,ISL,2016,1.137428644,17.21580237,27.79159895
Iceland,ISL,2017,0.8513985620000001,20.13514471,30.04803525
India,IND,2013,93440.20802,98149.70869,180240.0888
India,IND,2014,81536.5319,97935.92305,180984.9869
India,IND,2015,69890.68375,97919.00177999999,183034.3576
India,IND,2016,59937.71438,98394.06826,186431.2392
India,IND,2017,52105.68342,99373.53822999999,191316.6533
Indonesia,IDN,2013,5826.795765999999,16465.40001,31239.422110000003
Indonesia,IDN,2014,6121.017886,16867.5814,32161.21978
Indonesia,IDN,2015,6335.869337,17224.37771,33045.8968
Indonesia,IDN,2016,6474.044666,17518.39661,33875.07366
Indonesia,IDN,2017,6774.260340999999,17744.41187,34635.29362
Iran,IRN,2013,608.0128627,2033.7397629999998,1269.0087429999999
Iran,IRN,2014,637.4122385,2280.971016,1448.64729
Iran,IRN,2015,679.4946999,2548.57955,1650.401654
Iran,IRN,2016,727.2994077999999,2836.6928780000003,1873.893114
Iran,IRN,2017,791.7835758,3146.284307,2116.769811
Iraq,IRQ,2013,92.62952775,165.0460302,99.53289206
Iraq,IRQ,2014,98.2090922,179.3048178,108.16264369999999
Iraq,IRQ,2015,103.70278979999999,194.10592480000003,117.1546054
Iraq,IRQ,2016,109.8803851,210.5672727,127.06956969999999
Iraq,IRQ,2017,115.70376920000001,228.54601680000002,137.8211257
Ireland,IRL,2013,12.34227834,527.6768327999999,383.4394537
Ireland,IRL,2014,9.00466743,539.1556486000001,398.88303019999995
Ireland,IRL,2015,10.24404356,548.1388637,414.7475825
Ireland,IRL,2016,10.05231954,555.9159274,431.15451500000006
Ireland,IRL,2017,9.787208013999999,562.4044759,447.46211519999997
Israel,ISR,2013,47.18616199,631.3062039,963.6463865000001
Israel,ISR,2014,41.00805705,644.8523098,1023.865938
Israel,ISR,2015,50.30206985,658.8933910000001,1085.186542
Israel,ISR,2016,42.67702088,673.0368686,1147.389251
Israel,ISR,2017,41.43986284,687.6528658,1210.72045
Italy,ITA,2013,750.7899702999999,6036.829738,19306.366
Italy,ITA,2014,676.3622279,6275.072679999999,19825.22225
Italy,ITA,2015,665.7990808999999,6537.111349,20326.92416
Italy,ITA,2016,676.4185397000001,6833.153520999999,20806.24988
Italy,ITA,2017,660.5651737000001,7141.39882,21259.900019999997
Jamaica,JAM,2013,476.1198301,1214.7851050000002,1559.616483
Jamaica,JAM,2014,466.2566515,1235.195166,1643.987957
Jamaica,JAM,2015,456.76641910000006,1254.141304,1731.309836
Jamaica,JAM,2016,447.0549511,1269.511549,1820.59727
Jamaica,JAM,2017,439.5076098,1279.973092,1911.615431
Japan,JPN,2013,236.5541662,1500.156355,2413.288662
Japan,JPN,2014,213.7027614,1484.7425289999999,2531.8509059999997
Japan,JPN,2015,225.5863069,1482.238077,2656.454879
Japan,JPN,2016,216.65956780000002,1484.894873,2782.414441
Japan,JPN,2017,206.79789069999998,1462.750221,2888.669574
Jordan,JOR,2013,18.24205045,47.40289886,37.05194918
Jordan,JOR,2014,20.36480169,49.39640743,40.64374952
Jordan,JOR,2015,21.24001152,51.259362599999996,44.47120186
Jordan,JOR,2016,21.834342899999996,52.76020685,48.45035702
Jordan,JOR,2017,22.92850259,53.68172243,52.4881563
Kazakhstan,KAZ,2013,264.9037585,1333.066606,848.2078295
Kazakhstan,KAZ,2014,261.75096099999996,1576.0072810000001,972.2282474
Kazakhstan,KAZ,2015,283.8403337,1854.2805690000002,1115.702293
Kazakhstan,KAZ,2016,261.1432476,2164.136677,1276.0849640000001
Kazakhstan,KAZ,2017,258.1846063,2502.000582,1450.547453
Kenya,KEN,2013,62909.86715,95457.37819,163099.7149
Kenya,KEN,2014,59354.99616,94675.49095,165789.484
Kenya,KEN,2015,56187.936910000004,93858.46983999999,168942.4122
Kenya,KEN,2016,52482.239239999995,93211.14245,172702.5901
Kenya,KEN,2017,48502.49609,92787.44238,177235.0091
Kiribati,KIR,2013,0.493623926,0.6228941610000001,0.6866546570000001
Kiribati,KIR,2014,0.5141809589999999,0.639081995,0.6904123790000001
Kiribati,KIR,2015,0.525173538,0.656955524,0.6953543109999999
Kiribati,KIR,2016,0.534958943,0.6770742959999999,0.7017961340000001
Kiribati,KIR,2017,0.49007792299999997,0.700446675,0.7100691140000001
Kuwait,KWT,2013,3.668459443,12.66250403,25.69270065
Kuwait,KWT,2014,5.962871128,13.45429167,27.75321537
Kuwait,KWT,2015,5.290467728,14.08777664,29.61576314
Kuwait,KWT,2016,5.325176266000001,14.73376964,31.53083821
Kuwait,KWT,2017,5.418508183999999,15.37125806,33.50305639
Kyrgyzstan,KGZ,2013,193.2530309,647.3113480000001,400.275167
Kyrgyzstan,KGZ,2014,212.9640214,704.1505832,442.92937639999997
Kyrgyzstan,KGZ,2015,189.17747130000004,766.3765622999999,490.13234239999997
Kyrgyzstan,KGZ,2016,187.4380323,832.9947171,539.8783859
Kyrgyzstan,KGZ,2017,186.5394991,903.8329447999998,590.2219981000001
Laos,LAO,2013,572.1084003,906.1794612,1109.03469
Laos,LAO,2014,570.6592999,877.576358,1116.962437
Laos,LAO,2015,565.4003909,849.6683524,1115.178139
Laos,LAO,2016,553.332242,823.7733595,1102.10817
Laos,LAO,2017,526.3224903,801.8894091,1075.973876
Latin America and Caribbean,,2013,44893.09621,143934.6322,157797.0104
Latin America and Caribbean,,2014,44538.16496,148642.4835,167097.0166
Latin America and Caribbean,,2015,44400.5256,153319.2232,177002.4887
Latin America and Caribbean,,2016,43386.95719,157789.0982,187420.487
Latin America and Caribbean,,2017,42482.354960000004,161978.6716,198297.8645
Latvia,LVA,2013,150.3268529,332.5359492,286.63365830000004
Latvia,LVA,2014,141.87077140000002,360.17770299999995,306.5684609
Latvia,LVA,2015,141.992552,390.71736560000005,327.6014167
Latvia,LVA,2016,132.268975,423.67378489999993,349.5834235
Latvia,LVA,2017,126.4496125,457.6249039,371.70836549999996
Lebanon,LBN,2013,104.8343635,179.6731949,172.69518069999998
Lebanon,LBN,2014,103.99350679999999,197.19200039999998,185.2478278
Lebanon,LBN,2015,106.8094794,212.5475231,194.63248080000002
Lebanon,LBN,2016,109.6820994,231.67830980000002,205.634916
Lebanon,LBN,2017,112.50397720000001,254.3032865,218.0955432
Lesotho,LSO,2013,10985.64279,18679.16198,29760.579060000004
Lesotho,LSO,2014,10576.9455,17301.68733,30194.78811
Lesotho,LSO,2015,9995.327061,15821.309940000001,30624.4261
Lesotho,LSO,2016,8179.978565,14266.8136,31085.110380000002
Lesotho,LSO,2017,6331.119308,12665.20601,31617.39245
Liberia,LBR,2013,2195.351598,1673.2787289999999,3478.986012
Liberia,LBR,2014,2059.311619,1779.0956469999999,3415.1038439999998
Liberia,LBR,2015,1981.1684440000001,1925.2015379999998,3362.2357939999997
Liberia,LBR,2016,1899.033334,2117.421777,3337.462978
Liberia,LBR,2017,1840.255362,2359.289647,3344.3325670000004
Libya,LBY,2013,86.22176597,135.931779,102.5840232
Libya,LBY,2014,90.35317866,147.2922377,109.415171
Libya,LBY,2015,94.5808437,159.99120380000002,116.76868590000002
Libya,LBY,2016,98.95455603,173.9476246,124.6825068
Libya,LBY,2017,103.283567,188.8764758,132.9626855
Lithuania,LTU,2013,65.09285825,152.6250983,153.5002231
Lithuania,LTU,2014,74.48579284,148.7962985,158.13765880000003
Lithuania,LTU,2015,70.49192705,144.53494650000002,162.9572029
Lithuania,LTU,2016,79.24641082,140.01751919999998,167.7512853
Lithuania,LTU,2017,66.99807246,135.15502790000002,172.23713909999998
Low SDI,,2013,416908.2193,544129.8335,900169.5868
Low SDI,,2014,364903.1519,520416.9447,905444.3852
Low SDI,,2015,323024.5321,493683.9292,913290.9784
Low SDI,,2016,289213.4341,465107.8578,924546.1255
Low SDI,,2017,262134.2426,436139.2798,939902.4114
Low-middle SDI,,2013,473700.3728,706700.0744,1086670.429
Low-middle SDI,,2014,450795.2925,689117.2745,1102220.6770000001
Low-middle SDI,,2015,426916.6896,670850.2255,1120226.877
Low-middle SDI,,2016,398716.6761,652889.5434,1141032.699
Low-middle SDI,,2017,375346.5001,636251.2760000001,1165210.461
Luxembourg,LUX,2013,2.239930524,68.22935506,63.9992145
Luxembourg,LUX,2014,2.138300628,73.74373515,68.34080386
Luxembourg,LUX,2015,2.362875886,80.14792386,72.75424191
Luxembourg,LUX,2016,2.392193963,87.49395890000001,77.21624295
Luxembourg,LUX,2017,2.4074204740000003,95.58903389,81.6344311
Macedonia,MKD,2013,2.240487103,8.867381311,8.721362193
Macedonia,MKD,2014,2.115962208,8.995666595,9.417642699
Macedonia,MKD,2015,1.9468668480000002,9.123377131,10.16169699
Macedonia,MKD,2016,1.70889817,9.259150296,10.96217742
Macedonia,MKD,2017,1.6601232959999999,9.330957326,11.75962884
Madagascar,MDG,2013,2611.436125,3106.374936,3430.046432
Madagascar,MDG,2014,2529.576943,4074.111475,3478.367636
Madagascar,MDG,2015,2460.524224,5337.610329,3542.239933
Madagascar,MDG,2016,2442.8108620000003,6908.940223999999,3624.2482229999996
Madagascar,MDG,2017,2534.9468739999998,8799.275871,3727.2296939999997
Malawi,MWI,2013,35361.22519,42662.55412,102461.1619
Malawi,MWI,2014,30172.084860000003,38883.83337,102381.7708
Malawi,MWI,2015,26994.27128,35237.79775,102657.511
Malawi,MWI,2016,24494.964180000003,31771.72717,103370.9157
Malawi,MWI,2017,21935.14535,28598.98078,104605.4163
Malaysia,MYS,2013,2477.748106,3723.0445170000003,4694.677423
Malaysia,MYS,2014,2398.436376,3844.420572,4809.854929
Malaysia,MYS,2015,2251.668191,4006.9889810000004,4918.359585
Malaysia,MYS,2016,1882.1505309999998,4181.182611,5019.962926
Malaysia,MYS,2017,1579.199567,4372.840569,5114.601032
Maldives,MDV,2013,0.632472426,1.064257658,1.1875840770000001
Maldives,MDV,2014,0.652673128,1.09193492,1.254076373
Maldives,MDV,2015,0.6830929040000001,1.126868285,1.326015266
Maldives,MDV,2016,0.717128619,1.167103096,1.401458342
Maldives,MDV,2017,0.7551685770000001,1.214063095,1.479252585
Mali,MLI,2013,5674.838207,8481.732349,11453.36843
Mali,MLI,2014,5775.605854,8331.429603,11697.09589
Mali,MLI,2015,5622.716241,8160.610573000001,11958.653890000001
Mali,MLI,2016,5443.864932,7973.601089,12247.94245
Mali,MLI,2017,5806.519961,7777.5778629999995,12577.69976
Malta,MLT,2013,1.80779952,83.37194219,28.57628038
Malta,MLT,2014,1.67786302,87.9772771,30.717537100000005
Malta,MLT,2015,1.83533028,92.05450827,32.90617774
Malta,MLT,2016,1.684020914,95.67759832,35.1430168
Malta,MLT,2017,1.625886936,98.44631263,37.39950042
Marshall Islands,MHL,2013,1.9815039630000002,5.025116269,3.1704936939999997
Marshall Islands,MHL,2014,2.1577967719999998,5.589713643,3.473444517
Marshall Islands,MHL,2015,2.344916845,6.223598982,3.810040069
Marshall Islands,MHL,2016,2.5591663319999998,6.917840636,4.174648984
Marshall Islands,MHL,2017,2.713310256,7.665772286,4.562644218
Mauritania,MRT,2013,19.98086225,77.03327845,82.87958278
Mauritania,MRT,2014,19.53628272,76.40520216,86.50291511
Mauritania,MRT,2015,19.71053655,74.96918654,90.46962076
Mauritania,MRT,2016,19.62739548,72.63890457,94.8203916
Mauritania,MRT,2017,19.60169793,69.32624637,99.53024595
Mauritius,MUS,2013,105.680797,325.6241695,283.5472115
Mauritius,MUS,2014,112.28441770000002,325.387923,317.11960289999996
Mauritius,MUS,2015,89.67670272,321.33572999999996,353.4687412
Mauritius,MUS,2016,127.3814082,312.5765771,391.4494983
Mauritius,MUS,2017,95.80595653,298.3040472,430.12126969999997
Mexico,MEX,2013,5669.779668,17053.22693,18328.998359999998
Mexico,MEX,2014,5591.701183,17761.62884,19670.46598
Mexico,MEX,2015,5801.786395,18483.76605,21115.32993
Mexico,MEX,2016,5613.570067000001,19184.47127,22647.370769999998
Mexico,MEX,2017,5575.206657,19836.380380000002,24253.68901
Micronesia (country),FSM,2013,17.39889905,48.96507669,36.50876868
Micronesia (country),FSM,2014,20.45769919,55.21928955,42.50748245
Micronesia (country),FSM,2015,24.15717915,61.96833577,49.13056443
Micronesia (country),FSM,2016,27.74309042,68.31938257,56.02412235
Micronesia (country),FSM,2017,30.41759266,74.10037705,63.00203042
Middle SDI,,2013,355193.7607,636670.0238,975230.8314
Middle SDI,,2014,329557.1283,614779.4598,1000908.142
Middle SDI,,2015,312590.7257,587504.2803,1027469.325
Middle SDI,,2016,291102.2641,555901.7333,1055252.301
Middle SDI,,2017,258214.7888,520506.1473,1084408.449
Moldova,MDA,2013,174.14102119999998,668.7473167999999,705.4131071
Moldova,MDA,2014,187.8003101,691.1575846,755.5568905
Moldova,MDA,2015,178.3003424,716.2463978,807.9927497
Moldova,MDA,2016,162.3973541,744.3241634,862.3649939999999
Moldova,MDA,2017,173.3920239,774.5418651000001,916.5814185
Mongolia,MNG,2013,11.35583625,53.50543172,26.75568264
Mongolia,MNG,2014,12.36562384,56.32553861,31.70247056
Mongolia,MNG,2015,14.37932481,58.63749086,37.47027062
Mongolia,MNG,2016,17.14555731,60.04821267,44.02894266
Mongolia,MNG,2017,19.88732681,60.16951836,51.11300407
Montenegro,MNE,2013,1.40655526,6.255245681,6.9968812179999995
Montenegro,MNE,2014,1.4057432230000002,6.369397387,7.448089542999999
Montenegro,MNE,2015,1.455249026,6.466814591,7.897124463
Montenegro,MNE,2016,1.431622051,6.552929227999999,8.343893641000001
Montenegro,MNE,2017,1.3583797309999999,6.6150374229999995,8.769655052000001
Morocco,MAR,2013,848.3426,1254.7431609999999,1436.5498890000001
Morocco,MAR,2014,778.0617319,1215.220754,1460.378315
Morocco,MAR,2015,720.7532047999999,1176.9366519999999,1479.013929
Morocco,MAR,2016,653.6932945,1140.576223,1492.9344429999999
Morocco,MAR,2017,602.4715798,1108.770057,1502.412076
Mozambique,MOZ,2013,86929.64615,171575.4783,178900.3669
Mozambique,MOZ,2014,78390.12819,165621.7377,187333.2407
Mozambique,MOZ,2015,72606.86752,157170.486,196063.8064
Mozambique,MOZ,2016,67206.97772000001,146233.3449,205125.1712
Mozambique,MOZ,2017,62135.387460000005,133050.098,214583.8795
Myanmar,MMR,2013,11871.25003,12142.477570000001,21118.39574
Myanmar,MMR,2014,10117.6798,11381.54255,21185.95261
Myanmar,MMR,2015,8369.312083,10702.73203,21349.80886
Myanmar,MMR,2016,6797.074622,10133.82032,21559.27282
Myanmar,MMR,2017,5345.8662939999995,9706.354961,21766.403009999998
Namibia,NAM,2013,5064.996165,10029.12944,20333.63215
Namibia,NAM,2014,4635.789549,9741.962984,20652.72345
Namibia,NAM,2015,4353.428157,9526.494537,20985.717269999997
Namibia,NAM,2016,4067.0401890000003,9405.270069,21333.73242
Namibia,NAM,2017,3960.461425,9402.159419,21702.844380000002
Nepal,NPL,2013,3212.1673539999997,3124.865043,4631.252018
Nepal,NPL,2014,3076.30012,2853.755094,4536.108877000001
Nepal,NPL,2015,2925.0002719999998,2607.111454,4398.135593999999
Nepal,NPL,2016,2774.739341,2397.593037,4217.409344
Nepal,NPL,2017,2619.360638,2238.946025,3993.437985
Netherlands,NLD,2013,57.41107504,788.5717513999999,2007.152878
Netherlands,NLD,2014,55.66018815,728.1777013,2056.5515219999997
Netherlands,NLD,2015,58.41602801,664.8898063999999,2107.5455039999997
Netherlands,NLD,2016,63.12289305,599.3942212999999,2159.1942289999997
Netherlands,NLD,2017,55.54210146,530.7867147,2206.4829870000003
New Zealand,NZL,2013,12.407351,192.1160892,373.27697810000006
New Zealand,NZL,2014,17.76510643,191.42312990000002,389.0489293
New Zealand,NZL,2015,7.463250628,190.1389011,405.2185869
New Zealand,NZL,2016,10.08179018,188.3425901,421.580325
New Zealand,NZL,2017,9.979438262,185.65919540000002,437.6324695
Nicaragua,NIC,2013,495.95370639999993,1665.332986,1000.8509650000001
Nicaragua,NIC,2014,564.5413496,1751.493356,1125.174378
Nicaragua,NIC,2015,631.7419002,1831.462413,1260.924033
Nicaragua,NIC,2016,626.2561797999999,1901.8625100000002,1406.860396
Nicaragua,NIC,2017,590.4061918,1959.110012,1561.2880289999998
Niger,NER,2013,2868.663314,1579.204531,4736.852375
Niger,NER,2014,2678.4349899999997,1595.800416,4568.406257
Niger,NER,2015,2519.886692,1653.2230439999998,4417.7699920000005
Niger,NER,2016,2213.103495,1764.933793,4296.086523
Niger,NER,2017,1950.5202969999998,1945.967354,4214.639212
Nigeria,NGA,2013,187557.6216,268893.9392,338712.5409
Nigeria,NGA,2014,189572.3759,258420.0488,342013.0114
Nigeria,NGA,2015,186174.5791,246271.1544,345376.5851
Nigeria,NGA,2016,176473.1876,232329.7058,348935.7925
Nigeria,NGA,2017,169102.548,216613.5967,352835.989
North Africa and Middle East,,2013,9182.497945000001,17752.25759,14863.45369
North Africa and Middle East,,2014,9409.441918,17854.3863,15593.947869999998
North Africa and Middle East,,2015,9613.112528,17842.05028,16329.46961
North Africa and Middle East,,2016,9719.080340999999,17744.34652,17070.16489
North Africa and Middle East,,2017,9439.536128,17545.84645,17778.28135
North America,,2013,7837.0167790000005,44716.89894,144014.1779
North America,,2014,7601.936554999999,46635.825919999996,147060.9145
North America,,2015,7311.333429,48933.36436,150366.9618
North America,,2016,7694.136737999999,51661.498210000005,153905.4236
North America,,2017,7618.2457890000005,54809.2404,157401.9409
North Korea,PRK,2013,488.7118652,1156.365186,1528.08691
North Korea,PRK,2014,592.2275262999999,1158.0224970000002,1577.871515
North Korea,PRK,2015,721.8315782000001,1163.7575359999998,1626.793709
North Korea,PRK,2016,825.3321627,1173.674866,1673.039152
North Korea,PRK,2017,896.9549599999999,1189.304387,1715.6166670000002
Northern Ireland,,2013,9.543019505,258.9242622,250.3353662
Northern Ireland,,2014,8.214903391,262.1242299,265.5084393
Northern Ireland,,2015,9.47430071,264.3559141,281.2748841
Northern Ireland,,2016,8.564345687000001,265.730273,297.3470883
Northern Ireland,,2017,8.308935736,266.27927880000004,313.64627839999997
Northern Mariana Islands,MNP,2013,0.428816074,0.5867682470000001,0.545392008
Northern Mariana Islands,MNP,2014,0.422211688,0.6111938179999999,0.543856754
Northern Mariana Islands,MNP,2015,0.421866964,0.6463788429999999,0.546021685
Northern Mariana Islands,MNP,2016,0.42380190100000004,0.690714844,0.553626274
Northern Mariana Islands,MNP,2017,0.419993515,0.738858212,0.566752654
Norway,NOR,2013,12.91074315,244.9608,486.92573899999996
Norway,NOR,2014,18.22389952,253.94535530000002,511.11489739999996
Norway,NOR,2015,12.51437006,264.7798006,536.1755114
Norway,NOR,2016,14.732805599999999,277.55578399999996,561.8715593
Norway,NOR,2017,14.7837207,292.0139433,587.5118161
Oceania,,2013,2165.292727,2633.338738,4726.381214
Oceania,,2014,1873.659395,2748.77588,4793.495188
Oceania,,2015,1685.077859,2924.93475,4848.5003289999995
Oceania,,2016,1589.221473,3178.453541,4889.54994
Oceania,,2017,1507.218099,3529.000518,4915.573224
Oman,OMN,2013,105.4834402,338.4606013,277.694312
Oman,OMN,2014,108.62399679999999,384.2875249,296.7884747
Oman,OMN,2015,115.6261737,443.15709169999997,322.9879273
Oman,OMN,2016,125.44371740000001,524.3701521,358.4435713
Oman,OMN,2017,134.7399818,595.0856271,382.77068330000003
Pakistan,PAK,2013,3118.3447149999997,11215.68277,5468.420203
Pakistan,PAK,2014,3677.5064119999997,12174.68887,6318.284691
Pakistan,PAK,2015,4255.172732,13126.45897,7260.168268
Pakistan,PAK,2016,4798.829042,14047.645480000001,8291.694334
Pakistan,PAK,2017,5306.438654,14910.779669999998,9409.101292
Palestine,PSE,2013,9.339101203,16.04901791,11.14543348
Palestine,PSE,2014,9.710865336,16.88058559,11.87633226
Palestine,PSE,2015,10.05538871,17.81254317,12.65452056
Palestine,PSE,2016,10.33291493,18.84088131,13.472671599999998
Palestine,PSE,2017,10.27481294,19.96377259,14.32470136
Panama,PAN,2013,539.0500883,1387.3935529999999,1598.779498
Panama,PAN,2014,501.4456536,1490.19739,1708.6985309999998
Panama,PAN,2015,570.7530634999999,1605.151182,1827.9091829999998
Panama,PAN,2016,533.3145321999999,1732.450626,1956.4752809999998
Panama,PAN,2017,526.1548455,1870.912266,2093.541868
Papua New Guinea,PNG,2013,1969.0391399999999,2283.54194,4315.344275
Papua New Guinea,PNG,2014,1689.018428,2373.89726,4366.597206
Papua New Guinea,PNG,2015,1503.9809619999999,2519.895889,4404.920454
Papua New Guinea,PNG,2016,1404.9394730000001,2738.606067,4429.081638000001
Papua New Guinea,PNG,2017,1323.260601,3049.17096,4438.393443
Paraguay,PRY,2013,714.1502667999999,1755.878887,1312.951741
Paraguay,PRY,2014,753.9857383,1759.793481,1406.524157
Paraguay,PRY,2015,781.7575517000001,1743.768881,1501.803482
Paraguay,PRY,2016,788.1275717999999,1703.130562,1596.261495
Paraguay,PRY,2017,761.5756069,1639.6644119999999,1689.4076969999999
Peru,PER,2013,2026.032943,6942.650237000001,5790.298925
Peru,PER,2014,2290.526579,7058.964805,6274.34845
Peru,PER,2015,2432.7398329999996,7065.956925,6769.644136
Peru,PER,2016,2450.204495,6963.566731999999,7272.9112620000005
Peru,PER,2017,2395.6863719999997,6784.555934,7817.742293000001
Philippines,PHL,2013,4150.974502,12291.61764,8068.069826000001
Philippines,PHL,2014,4049.904498,12839.60095,8796.531883
Philippines,PHL,2015,4467.58489,13358.93671,9619.098038
Philippines,PHL,2016,4281.714928,13841.24607,10522.214820000001
Philippines,PHL,2017,4184.931407,14259.445619999999,11485.70239
Poland,POL,2013,138.758124,678.3295197000001,1096.313281
Poland,POL,2014,133.86654040000002,678.3749916,1147.085031
Poland,POL,2015,168.7318548,679.3008176,1198.22762
Poland,POL,2016,148.2960396,680.8736233,1248.93841
Poland,POL,2017,143.5539657,683.2455906,1298.910719
Portugal,PRT,2013,511.1149435,5960.299629,15486.50795
Portugal,PRT,2014,428.3954569,6247.6778509999995,16009.03839
Portugal,PRT,2015,512.6767076,6635.5240619999995,16522.27675
Portugal,PRT,2016,511.30451860000005,7099.331173999999,17019.8346
Portugal,PRT,2017,502.47002230000004,7632.863544,17509.34641
Puerto Rico,PRI,2013,244.17915750000003,171.2378103,260.7523383
Puerto Rico,PRI,2014,248.63074069999996,177.09262959999998,244.4258161
Puerto Rico,PRI,2015,212.34467719999998,183.66405590000002,230.8009186
Puerto Rico,PRI,2016,239.42933540000004,190.67068469999998,220.22825079999998
Puerto Rico,PRI,2017,238.3452049,197.9889121,213.12054709999998
Qatar,QAT,2013,6.630777672000001,8.681813859,16.14679903
Qatar,QAT,2014,6.512947947000001,9.129454459,16.68358475
Qatar,QAT,2015,6.620104921,9.535346916,17.21613517
Qatar,QAT,2016,6.767506582999999,9.992953434,17.78429484
Qatar,QAT,2017,6.961500784,10.50164461,18.27720315
Romania,ROU,2013,148.91380949999999,1069.079698,1355.869424
Romania,ROU,2014,188.1816868,1018.145117,1433.0100699999998
Romania,ROU,2015,159.18462350000001,963.2052261,1511.432114
Romania,ROU,2016,200.0843416,906.1919423,1585.677941
Romania,ROU,2017,165.4361896,849.3631396,1662.641626
Russia,RUS,2013,15667.126540000001,90891.37526,52983.22415
Russia,RUS,2014,17124.695480000002,102270.0553,62936.882379999995
Russia,RUS,2015,20576.85549,114186.0438,74106.86232
Russia,RUS,2016,23783.7188,126472.7864,86286.75787999999
Russia,RUS,2017,19301.83747,138843.4596,99143.27573
Rwanda,RWA,2013,4564.091133,10772.285590000001,20405.221
Rwanda,RWA,2014,4047.076054,9935.569693000001,20659.02036
Rwanda,RWA,2015,3625.489821,8928.958543,20984.20088
Rwanda,RWA,2016,3223.894201,7746.468924,21495.53674
Rwanda,RWA,2017,2962.5758809999998,6321.8461560000005,22077.845680000002
Saint Lucia,LCA,2013,7.882530451,8.859211748,9.493330375
Saint Lucia,LCA,2014,9.828374139,8.930487831,9.459499877999999
Saint Lucia,LCA,2015,8.263142392,8.954722618,9.458872783
Saint Lucia,LCA,2016,8.005123154,8.906743352000001,9.493700726
Saint Lucia,LCA,2017,7.829778559,8.773299233,9.567296199
Saint Vincent and the Grenadines,VCT,2013,19.42734387,23.29064979,24.02266701
Saint Vincent and the Grenadines,VCT,2014,23.94564046,23.06470342,23.77638765
Saint Vincent and the Grenadines,VCT,2015,26.04139026,22.62073201,23.62430344
Saint Vincent and the Grenadines,VCT,2016,20.98724932,21.91515759,23.57930311
Saint Vincent and the Grenadines,VCT,2017,20.14340989,20.94206883,23.66953091
Samoa,WSM,2013,6.823242698,17.4817527,10.69144933
Samoa,WSM,2014,7.403933996,19.42711459,11.666111599999999
Samoa,WSM,2015,8.005745367000001,21.54679156,12.75102893
Samoa,WSM,2016,8.684706388,23.87700845,13.93335253
Samoa,WSM,2017,9.090374448,26.44452744,15.20775395
Sao Tome and Principe,STP,2013,0.213676927,1.160628473,1.6464687180000002
Sao Tome and Principe,STP,2014,0.188372825,1.220043671,1.7362858719999998
Sao Tome and Principe,STP,2015,0.19487657,1.300266701,1.876835724
Sao Tome and Principe,STP,2016,0.198684133,1.405624354,2.073591986
Sao Tome and Principe,STP,2017,0.20494678100000002,1.5422002419999998,2.332543582
Saudi Arabia,SAU,2013,461.96089620000004,575.1358129,562.3708711
Saudi Arabia,SAU,2014,477.31279969999997,598.1996587,586.7992032999999
Saudi Arabia,SAU,2015,492.6534353,622.2047884,611.5087187999999
Saudi Arabia,SAU,2016,509.070988,647.0549697,636.1927931
Saudi Arabia,SAU,2017,525.8028674999999,672.6560114,660.6220003
Scotland,,2013,28.50819318,671.8895928999999,857.4361987999999
Scotland,,2014,24.74429423,682.6447147000001,897.6198592000001
Scotland,,2015,26.10905701,693.2892422,938.7172241000001
Scotland,,2016,27.66936271,704.5435217999999,980.5486576
Scotland,,2017,25.03725312,714.8212102000001,1021.3362710000001
Senegal,SEN,2013,2565.6111260000002,3104.91015,5048.51989
Senegal,SEN,2014,2387.2585649999996,3033.1497440000003,5043.363735
Senegal,SEN,2015,2152.566699,2969.411594,5045.404911
Senegal,SEN,2016,1945.5193920000002,2914.41021,5058.39458
Senegal,SEN,2017,1803.991249,2870.309067,5086.2388280000005
Serbia,SRB,2013,85.72496784,157.3848051,241.5437134
Serbia,SRB,2014,83.17583977,150.166176,246.38724419999997
Serbia,SRB,2015,81.41049367,143.6002695,251.0432769
Serbia,SRB,2016,77.56240268,136.9137398,254.6984693
Serbia,SRB,2017,72.50413838,130.2744371,256.9464088
Seychelles,SYC,2013,5.436914152999999,6.721072687,6.576648535
Seychelles,SYC,2014,5.536625972,6.588707501,6.6973520870000005
Seychelles,SYC,2015,5.63075089,6.397205959,6.816136819
Seychelles,SYC,2016,5.71620864,6.139471023,6.927383686000001
Seychelles,SYC,2017,5.790631186000001,5.816043098,7.024961879
Sierra Leone,SLE,2013,3059.159392,3145.191638,5956.4570619999995
Sierra Leone,SLE,2014,2969.6658620000003,3048.163239,5920.646862
Sierra Leone,SLE,2015,2793.350002,2978.232237,5807.293576
Sierra Leone,SLE,2016,2530.4869510000003,2948.733302,5624.005258
Sierra Leone,SLE,2017,2190.557363,2962.180093,5360.9693560000005
Singapore,SGP,2013,43.31653267,149.46545030000001,384.5658767
Singapore,SGP,2014,46.22982831,152.8584879,393.2589816
Singapore,SGP,2015,31.79626775,157.50063390000003,401.0874168
Singapore,SGP,2016,27.94348292,163.05442140000002,407.79880160000005
Singapore,SGP,2017,32.67192725,168.81050459999997,412.9230705
Slovakia,SVK,2013,4.24034037,25.53379796,25.63239269
Slovakia,SVK,2014,3.889901886,25.32258404,27.46405425
Slovakia,SVK,2015,3.861926954,24.86764138,29.31902114
Slovakia,SVK,2016,3.8453828160000003,24.11370507,31.18276395
Slovakia,SVK,2017,3.90770012,22.98517473,33.03153682
Slovenia,SVN,2013,4.840935445,12.02151624,14.62483153
Slovenia,SVN,2014,3.80152459,12.0461553,15.58838698
Slovenia,SVN,2015,3.627775539,11.98311345,16.64235672
Slovenia,SVN,2016,2.64711907,11.81090058,17.77770549
Slovenia,SVN,2017,2.471720641,11.48524927,18.9639258
Solomon Islands,SLB,2013,19.92383718,49.50072866,31.53476616
Solomon Islands,SLB,2014,21.86684666,55.71525353,34.74551143
Solomon Islands,SLB,2015,23.92279229,62.85838059,38.37453858
Solomon Islands,SLB,2016,26.30095035,70.8845814,42.38978573
Solomon Islands,SLB,2017,28.07613071,79.75080771,46.75897625
Somalia,SOM,2013,2891.2049690000003,2452.434545,3508.214528
Somalia,SOM,2014,2798.058196,2401.061546,3406.985897
Somalia,SOM,2015,2705.1854989999997,2374.035693,3306.02164
Somalia,SOM,2016,2614.104866,2371.642082,3204.77266
Somalia,SOM,2017,2392.795878,2382.252406,3095.45999
South Africa,ZAF,2013,221389.6364,378314.2304,605251.6424
South Africa,ZAF,2014,197165.4903,358331.7762,619866.6076
South Africa,ZAF,2015,181205.3214,334278.6898,635046.944
South Africa,ZAF,2016,164078.91,306770.62,651120.8034
South Africa,ZAF,2017,135398.6078,276495.965,668333.9808
South Asia,,2013,100368.76199999999,113759.8554,191274.7086
South Asia,,2014,88923.13173,114213.3292,192820.7063
South Asia,,2015,77733.81013,114866.0801,195717.4225
South Asia,,2016,68197.17786,116000.531,200003.5898
South Asia,,2017,60739.863320000004,117614.2002,205814.2235
South Korea,KOR,2013,152.49042340000003,1343.317775,2382.257825
South Korea,KOR,2014,159.1836611,1326.712118,2443.718992
South Korea,KOR,2015,135.1544632,1318.442216,2497.766122
South Korea,KOR,2016,147.92822280000001,1312.144208,2534.194799
South Korea,KOR,2017,147.5580903,1307.226253,2555.718508
South Sudan,SSD,2013,5809.8516,6213.586088,8195.36731
South Sudan,SSD,2014,5311.40468,5615.675984,7894.982823
South Sudan,SSD,2015,4696.824661,4973.721349,7521.0048
South Sudan,SSD,2016,4085.174118,4454.609789,7233.834684
South Sudan,SSD,2017,3706.7035509999996,4202.904968,7225.071335
Southeast Asia,,2013,58125.92608,103225.9448,152717.0198
Southeast Asia,,2014,57273.83165,101287.6604,156612.4344
Southeast Asia,,2015,56281.494139999995,98777.35279,160323.9979
Southeast Asia,,2016,53470.52358,95849.61995,163904.2911
Southeast Asia,,2017,51042.8997,92514.31868,167186.6723
"Southeast Asia, East Asia, and Oceania",,2013,80942.7751,156598.4756,223690.3887
"Southeast Asia, East Asia, and Oceania",,2014,84227.38926,151427.279,228471.6524
"Southeast Asia, East Asia, and Oceania",,2015,88316.19777,145241.6867,232660.1639
"Southeast Asia, East Asia, and Oceania",,2016,89550.96117000001,138581.5775,236191.9641
"Southeast Asia, East Asia, and Oceania",,2017,89032.42816,131340.7869,238825.1269
Southern Latin America,,2013,2386.74205,15237.08535,24191.08472
Southern Latin America,,2014,2398.39111,15730.18637,25116.50183
Southern Latin America,,2015,2460.446795,16216.77105,26052.93106
Southern Latin America,,2016,2429.576748,16673.81675,26999.45959
Southern Latin America,,2017,2404.429228,17135.39053,27935.54048
Southern Sub-Saharan Africa,,2013,282385.6562,479914.583,828346.7067
Southern Sub-Saharan Africa,,2014,248168.9349,456001.6083,845567.6744
Southern Sub-Saharan Africa,,2015,225712.1291,428394.4241,864321.7619
Southern Sub-Saharan Africa,,2016,202670.7841,398108.3538,885036.2484
Southern Sub-Saharan Africa,,2017,168363.185,366279.1181,908163.9704
Spain,ESP,2013,759.388451,4427.128311,23767.605330000002
Spain,ESP,2014,685.0458083999999,4866.205463,23861.12621
Spain,ESP,2015,659.4114032000001,5375.117936,23956.346530000003
Spain,ESP,2016,717.3543375,5939.075067,24034.62542
Spain,ESP,2017,708.3444228999999,6532.455336999999,24082.16169
Sri Lanka,LKA,2013,79.67161758,183.845775,150.7749967
Sri Lanka,LKA,2014,74.3803416,205.81529319999999,164.35448200000002
Sri Lanka,LKA,2015,69.92323007,231.1413075,179.8512923
Sri Lanka,LKA,2016,62.77426181,259.4935461,196.96368940000002
Sri Lanka,LKA,2017,55.80751755,290.6578246,215.415629
Sub-Saharan Africa,,2013,1026798.3520000001,1495934.25,2426534.847
Sub-Saharan Africa,,2014,934943.5354,1433817.4840000002,2458711.859
Sub-Saharan Africa,,2015,859847.88,1363671.179,2495468.931
Sub-Saharan Africa,,2016,786035.97,1288051.894,2538416.849
Sub-Saharan Africa,,2017,711943.1182,1210074.688,2589111.0069999998
Sudan,SDN,2013,5312.53438,9199.167078,8046.7483569999995
Sudan,SDN,2014,5497.484196,8761.872745,8245.248383
Sudan,SDN,2015,5658.312343,8173.355969,8408.234197
Sudan,SDN,2016,5705.3156149999995,7437.615091,8523.706264
Sudan,SDN,2017,5296.1810350000005,6569.349715,8579.663654
Suriname,SUR,2013,98.83526391,208.8100074,328.2433993
Suriname,SUR,2014,115.4535699,208.584546,336.40187349999997
Suriname,SUR,2015,106.07583059999999,208.2382384,345.02509269999996
Suriname,SUR,2016,103.7182756,207.9377475,354.1899955
Suriname,SUR,2017,101.78750009999999,207.39944880000002,363.869461
Swaziland,SWZ,2013,6359.109023,14518.213880000001,20554.617580000002
Swaziland,SWZ,2014,5217.526296,12124.74711,20644.29361
Swaziland,SWZ,2015,3984.875287,9253.417851999999,20637.68746
Swaziland,SWZ,2016,3179.432168,5974.536816,20563.99657
Swaziland,SWZ,2017,2506.04774,2360.2822149999997,20444.51701
Sweden,SWE,2013,21.42596104,487.19404249999997,345.2877272
Sweden,SWE,2014,17.92360275,512.7620849,361.896067
Sweden,SWE,2015,25.47780941,544.6341269999999,378.5683849
Sweden,SWE,2016,25.41225166,582.3849096,394.8826222
Sweden,SWE,2017,22.76909767,625.6844565,410.4184939
Switzerland,CHE,2013,37.59796171,608.4384507,1985.665248
Switzerland,CHE,2014,38.9169476,617.9236972,2031.700739
Switzerland,CHE,2015,31.95127871,628.7995102000001,2078.158844
Switzerland,CHE,2016,38.01312515,640.6724968,2125.59745
Switzerland,CHE,2017,38.33975195,653.8993054,2174.021327
Syria,SYR,2013,18.85280229,49.36865106,41.89281443
Syria,SYR,2014,16.93079298,45.75652132,41.73615979
Syria,SYR,2015,15.47299348,42.91326873,42.21510309
Syria,SYR,2016,13.44971603,42.05521313,44.47414852
Syria,SYR,2017,11.31070418,41.7699225,47.70888304
Taiwan,TWN,2013,191.25574419999998,320.0362542,531.5333075
Taiwan,TWN,2014,192.75688369999997,291.7990376,538.3327118
Taiwan,TWN,2015,187.1176056,264.1769669,542.6436296
Taiwan,TWN,2016,230.56168760000003,236.9425497,543.4745446000001
Taiwan,TWN,2017,197.97523280000001,210.4676045,540.083378
Tajikistan,TJK,2013,79.96393916,371.5640623,252.28025150000002
Tajikistan,TJK,2014,68.22024232,415.2731444,287.78702480000004
Tajikistan,TJK,2015,54.47092551,464.3154336,330.2655315
Tajikistan,TJK,2016,46.84513866,517.6574716,378.6656188
Tajikistan,TJK,2017,44.52429908,575.0909393,432.1471185
Tanzania,TZA,2013,58747.19448,49250.9891,132819.3206
Tanzania,TZA,2014,45822.858,47752.9115,131635.196
Tanzania,TZA,2015,37428.72701,47262.26403,131219.068
Tanzania,TZA,2016,32081.69945,48054.0884,131669.5318
Tanzania,TZA,2017,28298.592210000003,50459.37955,133153.9054
Thailand,THA,2013,18917.56049,30555.8554,52098.13957
Thailand,THA,2014,20053.03657,29422.82505,53196.0269
Thailand,THA,2015,20624.63805,27979.7916,53967.94245
Thailand,THA,2016,20081.84459,26358.69415,54552.271539999994
Thailand,THA,2017,19371.992280000002,24539.78854,54882.036889999996
Timor,TLS,2013,222.54415559999998,261.810089,264.6914778
Timor,TLS,2014,222.4503815,258.6683198,261.6738111
Timor,TLS,2015,222.77309350000002,255.10516299999998,257.818329
Timor,TLS,2016,222.6525444,252.21135869999998,253.45410499999997
Timor,TLS,2017,222.65103560000003,250.2002554,248.6977925
Togo,TGO,2013,7048.85812,4619.059063000001,12155.62367
Togo,TGO,2014,6370.994025999999,4291.621279,11793.7519
Togo,TGO,2015,5760.7559280000005,4017.643942,11410.26474
Togo,TGO,2016,5175.927372,3809.7661299999995,11017.36185
Togo,TGO,2017,3874.5986439999997,3684.005764,10630.07638
Tonga,TON,2013,1.113335519,2.127939495,1.555955784
Tonga,TON,2014,1.161130342,2.225760336,1.621391071
Tonga,TON,2015,1.199263277,2.335060174,1.692968742
Tonga,TON,2016,1.241642658,2.455160766,1.770187384
Tonga,TON,2017,1.22362087,2.5850788280000003,1.8525771130000002
Trinidad and Tobago,TTO,2013,233.48733650000003,497.7996196,861.5537162999999
Trinidad and Tobago,TTO,2014,231.1727827,480.933762,885.3659660000001
Trinidad and Tobago,TTO,2015,227.777564,461.22296789999996,907.9141521
Trinidad and Tobago,TTO,2016,223.2758004,438.847038,929.0317848999999
Trinidad and Tobago,TTO,2017,219.4471582,413.9433452,948.3964901
Tropical Latin America,,2013,16202.151719999998,72763.38986,74544.13178
Tropical Latin America,,2014,16186.95545,75801.40605,79187.66804
Tropical Latin America,,2015,16190.01459,78909.45393999999,84120.16082
Tropical Latin America,,2016,16031.02602,81992.40617999999,89281.15142000001
Tropical Latin America,,2017,16167.49117,84972.48726000001,94605.86422999999
Tunisia,TUN,2013,163.0547522,365.0513728,283.80604680000005
Tunisia,TUN,2014,171.99489599999998,381.1971591,304.5883375
Tunisia,TUN,2015,179.84754009999997,397.3445938,325.6896519
Tunisia,TUN,2016,186.33396069999998,413.64558880000004,346.8146577
Tunisia,TUN,2017,193.6858258,430.5729282,367.8132903
Turkey,TUR,2013,159.498433,427.52462069999996,376.5827727
Turkey,TUR,2014,169.0489154,439.1439267,403.6686175
Turkey,TUR,2015,180.3013774,451.5119136,432.52344589999996
Turkey,TUR,2016,190.2773886,463.45960279999997,462.7482155
Turkey,TUR,2017,200.1701872,473.9042653,493.3828058
Turkmenistan,TKM,2013,98.05262415,118.16402590000001,146.3767114
Turkmenistan,TKM,2014,107.2102466,125.8701406,146.7881785
Turkmenistan,TKM,2015,107.83654059999999,135.4749198,147.5074715
Turkmenistan,TKM,2016,100.5241603,146.94703909999998,148.63618019999998
Turkmenistan,TKM,2017,99.45876642,160.1615122,150.2702132
Uganda,UGA,2013,48016.80409,103119.6471,124779.734
Uganda,UGA,2014,39494.78902,91868.39165,127002.5329
Uganda,UGA,2015,31286.141789999998,77440.36008,129467.5515
Uganda,UGA,2016,27064.89552,60118.06823,132120.5466
Uganda,UGA,2017,25920.09513,40265.97552,135005.678
Ukraine,UKR,2013,5428.813327000001,12522.65151,14161.72809
Ukraine,UKR,2014,6442.718217000001,15587.74591,15179.17526
Ukraine,UKR,2015,4411.339976,19259.77385,16341.065419999999
Ukraine,UKR,2016,4370.452872999999,23410.71354,17623.26283
Ukraine,UKR,2017,5075.778565,27910.3003,19023.000669999998
United Arab Emirates,ARE,2013,144.21677759999997,213.49225919999998,185.83059450000002
United Arab Emirates,ARE,2014,158.51778080000003,225.62473640000002,197.4760469
United Arab Emirates,ARE,2015,172.67682539999998,236.39672689999998,209.756365
United Arab Emirates,ARE,2016,187.873712,241.464052,222.1514064
United Arab Emirates,ARE,2017,204.94864330000001,237.11229840000001,233.69210069999997
United Kingdom,GBR,2013,286.97660010000004,6343.623054,8004.149095000001
United Kingdom,GBR,2014,231.1089352,6497.118117,8361.020825
United Kingdom,GBR,2015,287.22456719999997,6682.915854999999,8727.695169
United Kingdom,GBR,2016,282.2061736,6908.867670999999,9100.790314
United Kingdom,GBR,2017,264.0830948,7149.00074,9460.724334
United States,USA,2013,7597.176848,42240.38992,136486.4456
United States,USA,2014,7319.890466,43951.92841,139267.8283
United States,USA,2015,7028.629543000001,46002.65498,142305.4259
United States,USA,2016,7414.20238,48444.588319999995,145577.3575
United States,USA,2017,7342.708024,51265.57655,148817.9131
United States Virgin Islands,VIR,2013,9.502388929,13.64409693,12.91451094
United States Virgin Islands,VIR,2014,9.767533513,13.96267821,13.22056884
United States Virgin Islands,VIR,2015,11.89761504,14.25588252,13.6074532
United States Virgin Islands,VIR,2016,9.522954042,14.49486087,14.06105306
United States Virgin Islands,VIR,2017,8.965104006,14.66306168,14.57221208
Uruguay,URY,2013,176.842711,477.7131421,1015.6430730000001
Uruguay,URY,2014,183.0022313,543.7795256,1052.928807
Uruguay,URY,2015,180.4611572,625.6705996000001,1094.909816
Uruguay,URY,2016,182.7229841,720.8644908,1139.29424
Uruguay,URY,2017,180.55948659999999,828.2531931,1185.445105
Uzbekistan,UZB,2013,518.2998682,1074.4846730000002,1280.287126
Uzbekistan,UZB,2014,604.9380481000001,1268.203562,1389.1052789999999
Uzbekistan,UZB,2015,604.3243052,1519.333472,1517.954608
Uzbekistan,UZB,2016,598.1577725999999,1826.993456,1663.29913
Uzbekistan,UZB,2017,601.3913057,2196.342413,1823.7066829999999
Vanuatu,VUT,2013,10.13150471,32.46225723,17.65789507
Vanuatu,VUT,2014,10.77384774,34.629065399999995,18.9586076
Vanuatu,VUT,2015,11.61398944,36.52327515,20.2331142
Vanuatu,VUT,2016,12.72000283,37.84322249,21.37127955
Vanuatu,VUT,2017,13.44969289,38.34018908,22.27641955
Venezuela,VEN,2013,2168.7191829999997,6476.659292,8264.560075
Venezuela,VEN,2014,2181.4071879999997,6854.603178,8763.96298
Venezuela,VEN,2015,2164.569951,7282.322287000001,9279.637834000001
Venezuela,VEN,2016,2145.75009,7729.881459,9805.772337999999
Venezuela,VEN,2017,2127.5699600000003,8195.995527,10329.62041
Vietnam,VNM,2013,11802.975,24225.38663,25907.99394
Vietnam,VNM,2014,11698.96157,23315.07536,26910.90928
Vietnam,VNM,2015,11559.322,22127.59041,27904.358930000002
Vietnam,VNM,2016,11393.670320000001,20708.36623,28882.01662
Vietnam,VNM,2017,11434.04718,19075.49598,29824.7699
Wales,,2013,14.83413408,398.9265577,416.8496471
Wales,,2014,13.53632487,406.5292145,441.2751677
Wales,,2015,16.77246544,412.67802850000004,466.4244279
Wales,,2016,14.85092487,418.3402329,492.28885870000005
Wales,,2017,13.86278322,422.1086635,517.9669587000001
Western Europe,,2013,3791.6653939999997,39566.1093,97812.23372
Western Europe,,2014,3334.35818,40970.89137,100320.3152
Western Europe,,2015,3537.382804,42668.09882,102878.7639
Western Europe,,2016,3540.7792719999998,44666.558919999996,105487.3092
Western Europe,,2017,3447.472835,46715.84869,107941.3547
Western Sub-Saharan Africa,,2013,302177.1933,399963.4221,566944.4553
Western Sub-Saharan Africa,,2014,298948.3328,389770.1191,570879.2988
Western Sub-Saharan Africa,,2015,288916.9758,379534.18700000003,575014.2149
Western Sub-Saharan Africa,,2016,271602.3999,369572.3527,579685.0
Western Sub-Saharan Africa,,2017,256899.7983,360410.0291,585218.0852
World,OWID_WRL,2013,1300347.219,2144966.481,3363674.639
World,OWID_WRL,2014,1202192.57,2102011.2,3430720.635
World,OWID_WRL,2015,1121361.994,2052034.7719999999,3505481.893
World,OWID_WRL,2016,1041797.9,1997979.051,3589153.4189999998
World,OWID_WRL,2017,954491.7472,1942071.4009999998,3682223.704
Yemen,YEM,2013,307.2671213,699.1659049,470.12214000000006
Yemen,YEM,2014,310.65983639999996,776.9804397999999,517.8169382
Yemen,YEM,2015,325.9656905,866.6190224999999,571.5384445000001
Yemen,YEM,2016,339.5553633,968.3664302999999,631.1129355
Yemen,YEM,2017,387.3831753,1082.582833,696.2758704
Zambia,ZMB,2013,30280.64594,52482.79387,108634.1335
Zambia,ZMB,2014,26772.92299,50645.43739,111247.2162
Zambia,ZMB,2015,23927.54364,49014.60841,114001.1603
Zambia,ZMB,2016,21963.56989,47692.79048,116913.5249
Zambia,ZMB,2017,21806.82435,46838.91087,120047.3729
Zimbabwe,ZWE,2013,31808.82028,43976.73222,120148.5239
Zimbabwe,ZWE,2014,24602.87078,44922.98133,121027.3883
Zimbabwe,ZWE,2015,20841.8832,47088.61799,122889.195
Zimbabwe,ZWE,2016,18491.624780000002,50759.22726,125763.3685
Zimbabwe,ZWE,2017,16065.32968,56259.05594,129767.6385
